firstname,lastname,ssn,mciid,county,dobyy,dobmm,dobdd,suffix,referralid,referraltype,dob,dt_referral,true_entity_id,bin1,bin2
JOSEPH,BROWN,317234855.0,1002.0,1,1982.0,12.0,7.0,,V645701,CPS,1982-12-07,2020-01-08,1,1,1
PATRICIA,SMITH,360993641.0,1074.0,49,1996.0,7.0,1.0,,D000073,CPS,1996-07-01,2022-05-27,73,0,0
YONG,TERRY,877571645.0,1107.0,60,1986.0,7.0,18.0,,V269823,GPS,1986-07-18,2020-01-05,106,1,0
RONALD,FREEMAN,201670529.0,1156.0,57,1996.0,12.0,5.0,,D000155,CPS,1996-12-05,2021-04-21,155,0,0
SAMANTHA,JOHNSON,545290875.0,1105.0,63,1977.0,7.0,24.0,,D000104,CPS,1977-07-24,2021-01-13,104,1,1
SAMMY,WOOD,510226362.0,1299.0,9,1961.0,11.0,24.0,,V683661,GPS,1961-11-24,2019-10-13,298,0,1
CATHERINE,MEYER,244012417.0,1257.0,38,1985.0,4.0,10.0,,V663166,CPS,1985-04-10,2019-11-02,256,1,1
JAMES,MARTINEZ,527951825.0,1125.0,64,1976.0,8.0,11.0,,D000124,CPS,1976-08-11,2019-06-09,124,0,1
JAMES,GARCIA,454713199.0,1069.0,64,1998.0,4.0,5.0,,D000068,GPS,1998-04-05,2018-07-19,68,1,1
LISRA,SHARMA,306116428.0,1090.0,9,1976.0,6.0,22.0,,V600002,GPS,1976-06-22,2019-08-16,89,1,0
YONG,STEWART,605340454.0,1010.0,60,1972.0,11.0,2.0,,D000009,CPS,1972-11-02,2020-12-19,9,0,0
WEI,WANG,338489340.0,1195.0,19,1972.0,3.0,17.0,,D000194,CPS,1972-03-17,2022-06-04,194,0,1
JYOCE,WEBB,179894979.0,1280.0,9,1973.0,6.0,2.0,,V333818,GPS,1973-06-02,2021-03-10,279,1,1
JAMES,SMITH,399784744.0,1085.0,31,2000.0,11.0,1.0,,D000084,GPS,2000-11-01,2021-04-06,84,0,0
DON,SMITH,804664116.0,1285.0,2,1970.0,1.0,27.0,,V456370,CPS,1970-01-27,2019-04-15,284,0,1
MIGCHAEL,SMTIH,,1169.0,23,1972.0,9.0,3.0,,V744489,CPS,1972-09-03,2019-05-27,168,1,0
JAMES,GARCIA,610244015.0,1239.0,51,1961.0,3.0,16.0,,V369132,GPS,1961-03-16,2021-10-14,238,1,1
DIYA,CARTER,484431671.0,1031.0,10,1964.0,6.0,19.0,,D000030,CPS,1964-06-19,2018-12-11,30,1,1
HUI,GUZMAN,618206595.0,1317.0,64,1983.0,9.0,3.0,,D000316,GPS,1983-09-03,2022-11-20,316,0,1
WEI,WILLIAMS,752664988.0,1175.0,54,1964.0,8.0,24.0,,V954641,GPS,1964-08-24,2018-09-06,174,0,1
EDWARDS,JOHN,387219239.0,1309.0,61,1997.0,6.0,15.0,,V240646,GPS,1997-06-15,2022-11-28,308,1,0
RNARY,WOODS,272221529.0,1109.0,53,1982.0,8.0,2.0,,V294750,GPS,1982-08-02,2020-12-26,108,1,1
JAMES,CONTRERAS,767544769.0,1281.0,44,1964.0,2.0,3.0,,D000280,GPS,1964-02-03,2021-04-10,280,1,1
JAMES,RAO,528631577.0,1018.0,21,1997.0,4.0,18.0,,V411400,CPS,1997-04-18,2019-12-02,17,1,0
JING,DAVIS,876488107.0,1077.0,18,1981.0,7.0,25.0,,D000076,CPS,1981-07-25,2019-03-10,76,0,1
RNARY,LOPEZ,473541866.0,1207.0,27,1962.0,4.0,3.0,,V924092,CPS,1962-04-03,2021-03-06,206,0,1
JESSICA,RUSSELL,318234567.0,1093.0,59,1963.0,7.0,25.0,,V386031,CPS,1963-07-25,2019-09-01,92,1,1
STEVEN,DAVIS,345868472.0,1212.0,28,1973.0,9.0,8.0,,D000211,CPS,1973-09-08,2019-09-17,211,1,1
LAURA,WEAVER,937346155.0,1102.0,20,1965.0,10.0,3.0,,D000101,GPS,1965-10-03,2018-08-07,101,0,0
MARY,COOPER,754533093.0,1335.0,27,1985.0,4.0,13.0,,D000334,CPS,1985-04-13,2019-09-03,334,1,1
RONALD,FREEMAN,201670529.0,1156.0,57,1996.0,12.0,5.0,,V804710,CPS,1996-12-05,2022-10-04,155,0,0
MARY,HARRIS,278377502.0,1337.0,59,1993.0,3.0,19.0,,D000336,CPS,1993-03-19,2019-09-23,336,1,1
JOHN,WALKER,,1108.0,1,1990.0,10.0,22.0,,V816315,CPS,1990-10-22,2018-01-11,107,1,0
ABEBE,STEWART,693241094.0,1174.0,4,1989.0,2.0,6.0,,D000173,CPS,1989-02-06,2022-12-22,173,1,0
PETER,PHILLIPS,369726073.0,1003.0,33,1975.0,1.0,23.0,,D000002,CPS,1975-01-23,2022-05-24,2,1,1
DESHAWN,CHOI,959408552.0,1334.0,37,1997.0,6.0,26.0,,D000333,CPS,1997-06-26,2018-12-09,333,0,0
BROWN,MARY,703203258.0,1188.0,20,1968.0,7.0,18.0,,V592449,CPS,1968-07-18,2020-06-19,187,1,1
PATRICIA,KIM,474948669.0,1071.0,9,1990.0,3.0,8.0,,D000070,CPS,1990-03-08,2020-07-05,70,1,1
MINJUN,TORRES,659612826.0,1210.0,44,1988.0,1.0,19.0,,D000209,CPS,1988-01-19,2020-04-20,209,0,1
SCOTT,HAWKINS,504349951.0,1064.0,3,2000.0,8.0,2.0,,D000063,GPS,2000-08-02,2021-07-11,63,0,0
AMINA,PRICE,180838710.0,1116.0,27,1962.0,11.0,27.0,,V588456,GPS,1962-11-27,2020-09-03,115,1,1
WILLIAM,GARCIA,922756223.0,1094.0,51,1999.0,7.0,20.0,,D000093,CPS,1999-07-20,2020-09-16,93,1,1
TYLFR,GONZALEZ,126851292.0,1167.0,62,1996.0,3.0,19.0,,V731373,GPS,1996-03-19,2022-02-06,166,0,1
LINH,ZHANG,213423707.0,1186.0,36,1971.0,5.0,7.0,,D000185,GPS,1971-05-07,2018-12-04,185,1,1
HUI,WRIGHT,959814485.0,1034.0,15,1991.0,10.0,25.0,,D000033,CPS,1991-10-25,2022-02-04,33,1,1
LINH,BLACK,246312319.0,1078.0,12,1967.0,7.0,18.0,,D000077,CPS,1967-07-18,2022-12-03,77,0,0
MEERA,ROGERS,869152479.0,1001.0,4,1980.0,2.0,11.0,,D000000,CPS,1980-02-11,2022-12-11,0,1,1
MADISON,WILLIAMS,812776982.0,1012.0,16,1980.0,9.0,12.0,,D000011,GPS,1980-09-12,2022-02-08,11,1,0
NANCY,ZHOU,233145962.0,1183.0,15,1985.0,3.0,9.0,1.0,V262908,CPS,1985-03-09,2021-05-12,182,0,1
MARILYN,ZHAO,704433003.0,1023.0,66,1971.0,2.0,15.0,3.0,D000022,GPS,1971-02-15,2022-05-02,22,0,0
HENRY,SMITH,101494636.0,1073.0,61,2004.0,6.0,25.0,,D000072,GPS,2004-06-25,2018-02-23,72,1,1
NANCY,ZHOU,233145962.0,1183.0,15,1985.0,3.0,9.0,1.0,D000182,CPS,1985-03-09,2020-02-11,182,0,0
CHIDI,ZHANG,864491799.0,1132.0,25,1987.0,11.0,13.0,,D000131,CPS,1987-11-13,2018-01-13,131,0,1
NATHAN,REYES,426417254.0,1325.0,22,1996.0,1.0,20.0,,V845374,GPS,1996-01-20,2019-11-06,324,0,0
DIANE,MCGUIRE,992597028.0,1194.0,19,1987.0,3.0,5.0,,D000193,GPS,1987-03-05,2022-03-15,193,0,1
MOHAMMED,STEPHENS,142762300.0,1056.0,50,1985.0,4.0,25.0,,D000055,GPS,1985-04-25,2019-04-24,55,1,1
JOSEPH,MOORE,643082008.0,1149.0,32,1960.0,11.0,5.0,,D000148,CPS,1960-11-05,2018-09-17,148,1,0
SAMIR,HUANG,995231573.0,1019.0,59,1988.0,7.0,20.0,,D000018,CPS,1988-07-20,2020-01-01,18,0,1
JAMES,SMITH,907571979.0,1205.0,43,2001.0,5.0,25.0,,D000204,GPS,2001-05-25,2018-11-05,204,0,0
MARK,SMITH,101109756.0,1079.0,57,1971.0,4.0,7.0,,D000078,GPS,1971-04-07,2022-02-01,78,1,0
SEOYEON,YOON,593355577.0,1154.0,45,1974.0,9.0,3.0,,V462666,GPS,1974-09-03,2019-06-05,153,0,1
MICHAEL,LARSON,338847025.0,1263.0,61,1981.0,11.0,10.0,,D000262,GPS,1981-11-10,2018-03-14,262,1,0
BETTY,ALVAREZ,439485384.0,1324.0,5,1990.0,9.0,22.0,,D000323,GPS,1990-09-22,2019-04-27,323,1,0
JEFFREY,RROWN,637717562.0,1092.0,39,1970.0,1.0,21.0,,V833951,GPS,1970-01-21,2020-10-01,91,0,1
KATHERINE,WEBB,199984704.0,1080.0,42,1998.0,12.0,7.0,3.0,D000079,GPS,1998-12-07,2019-07-15,79,1,1
AARAV,ROBERTSON,132258476.0,1040.0,50,1973.0,9.0,26.0,,D000039,CPS,1973-09-26,2020-02-11,39,1,1
MING,DEAN,,1255.0,28,1974.0,8.0,26.0,,V711473,GPS,1974-08-26,2022-03-21,254,1,1
WILLIAM,SILVA,146123688.0,1047.0,17,1982.0,4.0,6.0,,D000046,CPS,1982-04-06,2019-11-16,46,0,1
JAMES,GARCIA,610244015.0,1239.0,51,1961.0,3.0,16.0,,D000238,GPS,1961-03-16,2020-09-07,238,1,1
HERNANDEZ,THOMAS,145864434.0,1057.0,20,1999.0,5.0,21.0,,V317921,GPS,1999-05-21,2021-04-08,56,1,0
MARY,DAVIHS,,1294.0,51,1985.0,12.0,14.0,,V592314,GPS,1985-12-14,2021-10-05,293,1,1
FRANCISCO,HAWKINS,892932446.0,1342.0,12,1978.0,12.0,16.0,,D000341,GPS,1978-12-16,2019-01-18,341,1,1
LISA,JOHNSON,890529160.0,1278.0,22,1986.0,4.0,3.0,3.0,D000277,CPS,1986-04-03,2018-12-23,277,1,1
FATIMA,MALHOTRA,879015285.0,1291.0,53,1986.0,11.0,22.0,,D000290,CPS,1986-11-22,2019-05-25,290,1,1
ROHAN,WOLFE,941843232.0,1318.0,40,2001.0,6.0,24.0,,D000317,CPS,2001-06-24,2021-07-06,317,1,0
PETER,BOYD,898813979.0,1305.0,19,1972.0,11.0,4.0,,D000304,GPS,1972-11-04,2019-09-07,304,0,0
MARY,WILLIAMS,985177159.0,1269.0,23,1961.0,1.0,8.0,,D000268,CPS,1961-01-08,2018-02-05,268,1,1
JOSEPH,HART,307495298.0,1070.0,28,1972.0,10.0,21.0,,D000069,GPS,1972-10-21,2019-03-21,69,0,0
PATRICIA,HARRIS,494547632.0,1016.0,21,1976.0,10.0,18.0,,V543919,CPS,1976-10-18,2019-01-12,15,0,1
ELIZABETH,THOMAS,468225979.0,1315.0,13,1998.0,4.0,25.0,,V174340,CPS,1998-04-25,2021-05-02,314,0,1
MARY,JANG,819292169.0,1155.0,13,1960.0,2.0,28.0,,D000154,CPS,1960-02-28,2022-03-04,154,0,1
YUSUF,IYER,540551805.0,1083.0,28,1978.0,6.0,5.0,3.0,D000082,GPS,1978-06-05,2019-09-24,82,0,0
ROBERT,MARTINEZ,406232390.0,64024.0,8,1987.0,10.0,8.0,,D000021,CPS,1987-10-08,2022-04-01,352,0,1
JOHN,BROWN,248938981.0,1173.0,23,1984.0,11.0,16.0,,D000172,CPS,1984-11-16,2018-06-24,172,0,0
CHRISTOPHER,PHAM,277067962.0,1322.0,21,1971.0,10.0,6.0,,D000321,GPS,1971-10-06,2018-01-25,321,1,0
WEI,ROBERTSON,390241396.0,1091.0,58,1968.0,10.0,14.0,,D000090,CPS,1968-10-14,2022-01-27,90,0,0
LATOYA,NAIR,211759216.0,1181.0,54,1964.0,7.0,10.0,,D000180,GPS,1964-07-10,2020-03-12,180,0,0
LATOYWA,NAIR,211759216.0,1181.0,54,1964.0,7.0,10.0,,V691192,GPS,1964-07-10,2019-09-20,180,0,0
PATRICIA,JONES,622890436.0,1313.0,37,1962.0,6.0,9.0,,D000312,CPS,1962-06-09,2021-03-13,312,1,0
CARL,ROBERTS,441147425.0,1279.0,45,2002.0,7.0,16.0,,D000278,GPS,2002-07-16,2021-08-13,278,0,0
GONZALEZ,JENNIFER,640660526.0,1157.0,67,1978.0,2.0,10.0,,V434870,CPS,1978-02-10,2019-01-13,156,0,1
JAMES,MILES,408375498.0,1273.0,30,1982.0,3.0,14.0,,V457692,CPS,1982-03-14,2021-09-02,272,0,0
DON,MUNOZ,866787299.0,1058.0,57,1989.0,3.0,24.0,,V503681,CPS,1989-03-24,2019-04-19,57,1,1
NATHAN,REYES,426417254.0,1325.0,22,1996.0,1.0,20.0,,D000324,GPS,1996-01-20,2022-07-18,324,0,0
DARNELZL,JOHNSON,114921821.0,1198.0,27,1992.0,1.0,13.0,,V386330,GPS,1992-01-13,2019-11-17,197,1,0
MING,COLLINS,151341724.0,1348.0,58,1984.0,10.0,22.0,,D000347,CPS,1984-10-22,2020-07-18,347,1,1
DEEPAK,WILLIAMS,802523023.0,1087.0,17,1980.0,10.0,6.0,,D000086,GPS,1980-10-06,2018-07-08,86,0,0
JENNIFER,WEBB,473301014.0,1076.0,26,1977.0,9.0,23.0,,D000075,GPS,1977-09-23,2020-09-01,75,0,1
MARY,LEWIS,158977390.0,1050.0,12,1985.0,2.0,12.0,,V170935,GPS,1985-02-12,2022-10-20,49,1,0
PATRICIA,HARRIS,494547632.0,1016.0,21,1976.0,10.0,18.0,,D000015,CPS,1976-10-18,2019-11-13,15,0,0
HAO,DUONG,568207060.0,1250.0,48,1966.0,10.0,23.0,,D000249,CPS,1966-10-23,2022-09-14,249,1,0
MARK,SMITH,101109756.0,1079.0,57,1971.0,4.0,7.0,,V636042,GPS,1971-04-07,2022-05-11,78,0,0
THUY,NAVARRO,630119158.0,1020.0,52,2003.0,11.0,17.0,,D000019,CPS,2003-11-17,2018-10-05,19,1,0
LINDA,NASH,404233775.0,1323.0,42,1976.0,2.0,25.0,,D000322,GPS,1976-02-25,2018-05-01,322,0,0
RAHUL,SMITH,405529978.0,1333.0,2,1978.0,5.0,16.0,,D000332,GPS,1978-05-16,2021-06-23,332,0,0
THOMAS,HERNANDEZ,145864434.0,1057.0,20,1999.0,5.0,21.0,,D000056,GPS,1999-05-21,2022-10-01,56,1,0
MARY,SPENCER,989220135.0,1302.0,52,1972.0,2.0,25.0,,D000301,CPS,1972-02-25,2020-12-19,301,1,0
MARY,THOMAS,886499647.0,1230.0,67,1987.0,1.0,20.0,,D000229,GPS,1987-01-20,2019-02-02,229,1,0
ROBERT,GARCIA,142087396.0,1332.0,37,1979.0,7.0,13.0,,D000331,GPS,1979-07-13,2021-07-14,331,1,0
STEVEN,EDWARDS,544586493.0,1133.0,38,1971.0,12.0,4.0,,D000132,GPS,1971-12-04,2022-03-04,132,1,0
KAREN,MILLER,512040980.0,1138.0,59,1964.0,9.0,4.0,,D000137,GPS,1964-09-04,2018-02-25,137,1,1
OHN,PATEL,534366903.0,1103.0,11,1975.0,4.0,7.0,,V788330,GPS,1975-04-07,2020-11-13,102,0,1
JOSHUA,THOMAS,319237070.0,1336.0,47,1997.0,11.0,16.0,,D000335,CPS,1997-11-16,2020-09-06,335,0,0
ROBERT,WANG,266661410.0,1026.0,24,1988.0,10.0,27.0,,D000025,CPS,1988-10-27,2019-04-16,25,0,0
EERESA,WANG,160914175.0,1321.0,18,1974.0,6.0,1.0,,V504418,GPS,1974-06-01,2019-02-16,320,1,0
ROBERT,OKONKWO,687498294.0,1282.0,50,1960.0,12.0,13.0,,D000281,GPS,1960-12-13,2021-09-04,281,1,0
RICHARD,COOPER,816425700.0,1248.0,25,1972.0,1.0,10.0,,D000247,GPS,1972-01-10,2022-04-16,247,1,1
KATHERINE,HUANG,786797683.0,1238.0,51,1966.0,7.0,9.0,,D000237,GPS,1966-07-09,2019-03-18,237,0,0
GARY,JOHNSTON,939602687.0,1118.0,56,1996.0,7.0,21.0,,D000117,CPS,1996-07-21,2018-03-25,117,1,1
AMIT,EDWARDS,765325229.0,1043.0,37,1993.0,6.0,1.0,,D000042,GPS,1993-06-01,2018-02-13,42,0,1
JING,HUANG,979038102.0,1221.0,32,1962.0,1.0,22.0,,D000220,CPS,1962-01-22,2018-05-01,220,0,1
JOSEPH,ELLIS,737282111.0,1177.0,42,1994.0,8.0,17.0,,D000176,CPS,1994-08-17,2020-02-10,176,0,1
TERESA,WANG,160914175.0,1321.0,18,1974.0,6.0,1.0,,D000320,GPS,1974-06-01,2020-08-09,320,1,0
SEOYEON,YOON,593355577.0,1154.0,45,1974.0,9.0,3.0,,D000153,GPS,1974-09-03,2022-03-19,153,0,1
SUSAN,HALL,328298055.0,1232.0,40,2004.0,8.0,19.0,,D000231,GPS,2004-08-19,2018-09-16,231,0,1
MARK,PHAN,308152485.0,1228.0,7,2001.0,6.0,9.0,,D000227,GPS,2001-06-09,2021-12-04,227,0,0
STEVE,DAVIS,345868472.0,1212.0,28,1973.0,9.0,8.0,,V832814,CPS,1973-09-08,2020-06-19,211,1,1
WEI,PETERS,615422640.0,1204.0,53,1969.0,6.0,13.0,,D000203,CPS,1969-06-13,2021-07-23,203,1,1
LINDA,CLARK,179973966.0,1127.0,33,2002.0,6.0,19.0,1.0,D000126,CPS,2002-06-19,2022-06-06,126,0,0
JENNIFER,ZHAO,377015980.0,1330.0,30,1993.0,2.0,23.0,,D000329,GPS,1993-02-23,2018-08-11,329,0,1
DORIS,BERRY,687629913.0,1032.0,64,1960.0,8.0,16.0,,D000031,GPS,1960-08-16,2021-10-14,31,1,1
SOOJIN,YANG,118505746.0,1114.0,31,1972.0,10.0,17.0,,D000113,GPS,1972-10-17,2019-06-04,113,0,1
ALEJANDRO,SHAW,445001282.0,1170.0,38,1962.0,9.0,7.0,,V600992,CPS,1962-09-07,2020-04-21,169,0,1
WEI,KANG,290932666.0,1272.0,32,1975.0,8.0,21.0,,D000271,CPS,1975-08-21,2021-07-16,271,1,0
KAREN,ALVAREZ,995665079.0,1141.0,8,1969.0,11.0,18.0,,D000140,CPS,1969-11-18,2020-06-04,140,0,0
DONALD,MUNOZ,866787299.0,1058.0,57,1989.0,3.0,24.0,,D000057,CPS,1989-03-24,2018-12-05,57,1,1
MARY,HUNT,209216730.0,1193.0,67,1995.0,8.0,18.0,,D000192,CPS,1995-08-18,2022-06-13,192,1,1
SAMANTHA,BROWN,808830852.0,1025.0,66,1973.0,7.0,16.0,,D000024,CPS,1973-07-16,2019-06-04,24,1,0
JAMES,RAO,528631577.0,1018.0,21,1997.0,4.0,18.0,,D000017,CPS,1997-04-18,2020-08-18,17,1,0
WEI,RUSSELL,279587793.0,1266.0,13,1988.0,9.0,20.0,,D000265,GPS,1988-09-20,2020-09-16,265,0,1
SANDRA,WANG,371864411.0,1067.0,14,1982.0,2.0,14.0,,D000066,GPS,1982-02-14,2021-10-20,66,1,0
MARY,PHAN,248864384.0,1209.0,62,1968.0,1.0,27.0,,D000208,GPS,1968-01-27,2021-10-09,208,1,0
SARAH,ANDREWS,351108822.0,78982.0,13,1982.0,12.0,26.0,,D000080,GPS,1982-12-26,2018-11-01,353,1,1
JING,MARTINEZ,531877060.0,1095.0,23,1983.0,6.0,19.0,,D000094,CPS,1983-06-19,2021-12-18,94,0,1
MING,FOSTER,794995274.0,1254.0,27,2002.0,3.0,8.0,,D000253,CPS,2002-03-08,2019-05-21,253,0,1
JENNIFER,BARNES,927918100.0,1267.0,44,1996.0,3.0,14.0,,D000266,CPS,1996-03-14,2020-07-04,266,0,0
ANDREA,GONZALEZ,340307444.0,1024.0,42,2003.0,6.0,5.0,,D000023,CPS,2003-06-05,2021-04-27,23,0,1
TIMOTHY,SCOTT,270789183.0,1223.0,64,1962.0,4.0,24.0,,D000222,CPS,1962-04-24,2020-08-01,222,0,1
JERRY,RAMOS,965394666.0,1262.0,49,1963.0,2.0,20.0,,D000261,CPS,1963-02-20,2019-01-01,261,0,1
DONALD,SMITH,804664116.0,1285.0,30,1970.0,1.0,27.0,,V495888,CPS,1970-01-27,2019-08-19,284,0,1
FERNANDA,NELSON,239897407.0,1006.0,17,1962.0,12.0,26.0,,D000005,CPS,1962-12-26,2022-11-19,5,1,0
JUSTIN,HOWARD,108333803.0,1117.0,36,1993.0,1.0,14.0,,D000116,GPS,1993-01-14,2019-03-24,116,1,1
ALEXANDER,CHOI,136971183.0,1046.0,6,1982.0,4.0,22.0,,D000045,GPS,1982-04-22,2018-04-04,45,0,1
MARK,OWENS,874870341.0,1017.0,52,1966.0,12.0,26.0,,D000016,GPS,1966-12-26,2018-11-27,16,0,1
TONG,CAMPOS,184664766.0,1253.0,50,1964.0,7.0,5.0,,V712539,GPS,1964-07-05,2018-07-13,252,1,0
RACHEL,DAVLS,409435938.0,1343.0,63,1989.0,12.0,21.0,,V286617,CPS,1989-12-21,2019-07-07,342,1,1
JEFFREY,PHAM,390243112.0,1004.0,7,1994.0,10.0,23.0,,D000003,GPS,1994-10-23,2020-02-26,3,0,0
MADISON,ZHAO,409151429.0,1219.0,41,2000.0,7.0,3.0,,D000218,GPS,2000-07-03,2021-01-08,218,1,0
TARIO,JOHNSON,805441698.0,1014.0,10,1966.0,1.0,7.0,,V705080,CPS,1966-01-07,2022-10-14,13,1,1
AARAV,RICHARDSON,154475605.0,1061.0,28,1985.0,7.0,3.0,,D000060,CPS,1985-07-03,2021-03-09,60,0,1
THOMAS,PHAM,643235111.0,1111.0,35,1992.0,10.0,6.0,,D000110,CPS,1992-10-06,2022-02-01,110,0,1
JING,LOPEZ,553851602.0,1319.0,41,1985.0,11.0,28.0,,D000318,GPS,1985-11-28,2020-03-21,318,1,1
MARY,SPENCER,989220135.0,1302.0,40,1972.0,2.0,25.0,,V965870,CPS,1972-02-25,2021-01-21,301,1,0
REBECCA,JENKINS,191704741.0,1030.0,28,1987.0,4.0,12.0,,D000029,CPS,1987-04-12,2020-01-21,29,1,1
AMRY,YAG,,1350.0,48,1982.0,12.0,13.0,,V227337,GPS,1982-12-13,2020-02-15,349,1,1
JERRY,RAMQS,965394666.0,1262.0,49,1963.0,2.0,20.0,,V978579,CPS,1963-02-20,2021-01-14,261,0,1
SARAH,BERRY,254076950.0,1027.0,64,1991.0,12.0,1.0,,D000026,GPS,1991-12-01,2019-04-08,26,0,0
AHMED,FREEMAN,354922239.0,1008.0,46,1996.0,9.0,14.0,,D000007,GPS,1996-09-14,2018-01-18,7,0,0
RYAQN,NASH,381312953.0,1055.0,50,1968.0,9.0,21.0,,V412419,GPS,1968-09-21,2020-06-26,54,1,0
MARY,WOODS,272221529.0,1109.0,53,1982.0,8.0,2.0,,D000108,GPS,1982-08-02,2020-08-18,108,1,1
CHRISTOPHER,PEARSON,489675243.0,1038.0,55,1980.0,2.0,12.0,,D000037,CPS,1980-02-12,2022-10-18,37,0,1
LINH,MUNOZ,366798611.0,1158.0,10,2003.0,8.0,25.0,,D000157,GPS,2003-08-25,2022-02-03,157,1,1
RAMIREZ,PAUL,234436740.0,1260.0,40,1961.0,4.0,23.0,,V216781,GPS,1961-04-23,2018-11-27,259,1,1
HAO,WANG,834902041.0,1119.0,30,1980.0,7.0,13.0,,D000118,CPS,1980-07-13,2019-10-22,118,0,1
WEI,DIAZ,926940874.0,1115.0,36,2001.0,10.0,9.0,,D000114,GPS,2001-10-09,2021-09-18,114,0,1
JAMES,ZHAO,860714758.0,1176.0,45,1971.0,4.0,21.0,,D000175,CPS,1971-04-21,2018-02-12,175,0,1
TIMOTHY,ANDREWS,557350620.0,1081.0,13,2004.0,5.0,1.0,,V181322,GPS,2004-05-01,2020-06-19,80,0,1
ANDREA,MEHTA,901017511.0,1182.0,56,1977.0,5.0,21.0,,D000181,CPS,1977-05-21,2020-06-04,181,0,0
HONG,KENNEDY,323626984.0,1145.0,22,1985.0,8.0,20.0,,D000144,CPS,1985-08-20,2022-02-15,144,1,0
HAO,DUONG,568207060.0,1250.0,48,1966.0,10.0,23.0,,V743424,CPS,1966-10-23,2018-01-02,249,1,1
MARY,YANG,215171485.0,1350.0,48,1982.0,12.0,13.0,,V817712,GPS,1982-12-13,2018-05-05,349,1,1
WEI,ROBINSON,103606844.0,1196.0,59,1971.0,2.0,25.0,,D000195,CPS,1971-02-25,2019-05-02,195,1,1
JOHN,PATEL,534366903.0,1103.0,10,1975.0,4.0,7.0,,V498150,GPS,1975-04-07,2020-10-20,102,0,1
BARBARA,SUN,760145413.0,1276.0,56,1971.0,11.0,28.0,,D000275,CPS,1971-11-28,2018-09-10,275,0,0
ROBERT,WAN,266661410.0,1026.0,24,1988.0,10.0,27.0,,V193721,CPS,1988-10-27,2022-02-05,25,0,0
LEI,HOWARD,869942387.0,1142.0,11,1977.0,6.0,27.0,,D000141,CPS,1977-06-27,2019-02-12,141,0,0
SAMANTHA,JOHNSON,545290875.0,1105.0,63,1977.0,7.0,24.0,,V647470,CPS,1977-07-24,2022-03-06,104,1,0
JING,ABDULLAH,541460889.0,1068.0,41,1993.0,1.0,10.0,,D000067,CPS,1993-01-10,2021-10-17,67,0,0
RAHUL,JOHNSON,264117777.0,1211.0,22,1989.0,6.0,6.0,,D000210,GPS,1989-06-06,2018-12-08,210,0,0
MICHAEL,SMITH,411830789.0,1169.0,23,1972.0,9.0,3.0,,D000168,CPS,1972-09-03,2021-08-06,168,1,0
WEK,HUNT,126323084.0,1084.0,5,1995.0,4.0,4.0,,V275737,GPS,1995-04-04,2018-10-17,83,0,1
KENNY,FLORES,128155161.0,1120.0,25,1990.0,5.0,19.0,,V666167,GPS,1990-05-19,2022-07-05,119,1,0
KIMBERLY,THOMPSON,238200479.0,1121.0,9,1972.0,7.0,11.0,,V794842,CPS,1972-07-11,2021-03-16,120,1,1
JAMES,MILES,408375498.0,1273.0,30,1982.0,3.0,14.0,,D000272,CPS,1982-03-14,2018-12-11,272,0,0
KEISHA,PETERSON,235408610.0,1110.0,23,1965.0,4.0,7.0,,D000109,GPS,1965-04-07,2021-04-17,109,1,1
HUI,HAYNES,422588018.0,1249.0,64,1996.0,1.0,22.0,,D000248,GPS,1996-01-22,2019-09-06,248,0,0
JOHN,SHIN,926914312.0,1146.0,62,1984.0,2.0,19.0,,D000145,GPS,1984-02-19,2018-06-10,145,1,0
JESSICA,RUSSELL,318234567.0,1093.0,59,1963.0,7.0,25.0,,D000092,CPS,1963-07-25,2020-10-26,92,1,1
MARY,ARMSTRONG,233636478.0,1153.0,36,1999.0,12.0,19.0,,D000152,CPS,1999-12-19,2021-06-21,152,0,1
ROBFRT,HOLMES,749450975.0,1213.0,49,1989.0,1.0,13.0,,V888170,CPS,1989-01-13,2022-04-04,212,1,1
MIN,COLLINS,151341724.0,1348.0,58,1984.0,10.0,22.0,,V112685,CPS,1984-10-22,2021-05-14,347,1,1
WEI,HUNT,126323084.0,1084.0,5,1995.0,4.0,4.0,,D000083,GPS,1995-04-04,2018-05-15,83,0,1
LAUREN,MARTINEZ,948360596.0,1246.0,12,1995.0,12.0,17.0,,D000245,GPS,1995-12-17,2021-02-24,245,1,1
HUI,JONES,875691437.0,1166.0,56,1965.0,4.0,27.0,,D000165,CPS,1965-04-27,2022-07-12,165,1,1
JAMES,HERNANDEZ,840948342.0,1164.0,57,1974.0,11.0,8.0,,D000163,GPS,1974-11-08,2018-07-28,163,1,0
MICHAEL,ZHU,620028420.0,1200.0,54,1999.0,1.0,26.0,,D000199,GPS,1999-01-26,2021-05-01,199,0,1
THUY,ROBERTSON,862652456.0,1229.0,46,2003.0,12.0,4.0,,D000228,GPS,2003-12-04,2018-09-03,228,1,1
JAMES,MORALES,200863333.0,1075.0,7,1999.0,11.0,20.0,,D000074,CPS,1999-11-20,2021-07-01,74,0,0
WEI,WIAZ,926940874.0,1115.0,36,2001.0,10.0,9.0,,V234849,GPS,2001-10-09,2018-03-13,114,0,1
FERNAND,NELSON,239897407.0,1006.0,17,1962.0,12.0,26.0,,V772502,CPS,1962-12-26,2022-02-04,5,1,0
TRANG,KING,485208542.0,1251.0,25,1968.0,4.0,19.0,,D000250,CPS,1968-04-19,2019-06-05,250,0,1
KENNETH,FLORES,128155161.0,1120.0,25,1990.0,5.0,19.0,,D000119,GPS,1990-05-19,2022-08-14,119,1,0
CHRISTOPHER,MARTINEZ,647867015.0,1311.0,14,1971.0,11.0,15.0,,D000310,CPS,1971-11-15,2021-02-23,310,0,1
HOANG,SMITH,289311001.0,1300.0,59,1982.0,9.0,12.0,,D000299,GPS,1982-09-12,2021-01-19,299,1,0
STEPHEN,MCDONALD,455506515.0,1256.0,60,2001.0,10.0,9.0,,D000255,GPS,2001-10-09,2018-02-25,255,1,1
ALEJANLRO,SHAW,445001282.0,1170.0,38,1962.0,9.0,7.0,,V566831,CPS,1962-09-07,2022-07-11,169,0,1
MRY,SMITH,769549752.0,1099.0,17,1995.0,3.0,25.0,,V682875,GPS,1995-03-25,2022-05-15,98,1,0
CHIDI,YOON,636142397.0,1226.0,38,1975.0,10.0,4.0,,D000225,GPS,1975-10-04,2019-03-14,225,0,0
JAEMS,GONZALES,525591885.0,1339.0,41,1960.0,12.0,24.0,,V447736,CPS,1960-12-24,2020-05-05,338,1,0
BRUCE,CUNNINGHAM,572730903.0,1235.0,31,1982.0,8.0,27.0,,D000234,CPS,1982-08-27,2021-04-23,234,1,1
RNARK,SMITH,101109756.0,1079.0,57,1971.0,4.0,7.0,,V298117,GPS,1971-04-07,2018-06-02,78,1,0
EDWARD,BARKER,891996122.0,1275.0,9,1961.0,2.0,27.0,,D000274,CPS,1961-02-27,2020-04-13,274,1,0
MARY,ROSS,941188331.0,1037.0,7,1980.0,11.0,10.0,,D000036,GPS,1980-11-10,2019-02-06,36,0,0
EMILY,ZHOU,931749424.0,1197.0,5,1980.0,11.0,12.0,,D000196,CPS,1980-11-12,2021-03-05,196,1,1
JAMES,PHILLIPS,907033334.0,1140.0,26,2004.0,9.0,3.0,,D000139,CPS,2004-09-03,2019-12-12,139,0,0
ADREW,CASTILLO,111222889.0,1247.0,21,1993.0,4.0,10.0,,V165737,GPS,1993-04-10,2022-03-23,246,1,1
ANDREW,SMITH,563124746.0,1245.0,45,1964.0,8.0,10.0,1.0,D000244,GPS,1964-08-10,2018-09-28,244,1,1
FENG,MARSHALL,347354354.0,1082.0,44,1983.0,12.0,23.0,,V816136,GPS,1983-12-23,2021-05-01,81,1,0
JAMES,CHAVEZ,499945440.0,1287.0,22,1975.0,5.0,15.0,,D000286,CPS,1975-05-15,2020-11-23,286,1,1
MARY,POTTER,799765415.0,1060.0,56,1980.0,11.0,26.0,,D000059,CPS,1980-11-26,2019-05-12,59,1,0
ROBERT,WANG,142636617.0,1112.0,19,1962.0,3.0,25.0,,D000111,CPS,1962-03-25,2019-09-12,111,1,0
LISA,SHARMA,306116428.0,1090.0,9,1976.0,6.0,22.0,,D000089,GPS,1976-06-22,2018-03-22,89,1,0
JENIFER,BARNES,927918100.0,1267.0,44,1996.0,3.0,14.0,,V674140,CPS,1996-03-14,2021-10-18,266,0,0
EMMA,GRAHAM,886882928.0,1007.0,44,1983.0,12.0,16.0,,D000006,GPS,1983-12-16,2021-03-21,6,1,0
HUI,JONES,875691437.0,1166.0,56,1965.0,4.0,27.0,,V311908,CPS,1965-04-27,2020-09-02,165,1,1
DIEGO,COLEMAN,530980018.0,1347.0,22,1993.0,11.0,18.0,,D000346,CPS,1993-11-18,2022-03-02,346,1,1
JAMES,GONZALES,525591885.0,1339.0,41,1960.0,12.0,24.0,,D000338,CPS,1960-12-24,2020-08-11,338,1,0
ANGELA,TORRES,294720125.0,1159.0,55,1994.0,3.0,5.0,,D000158,CPS,1994-03-05,2020-11-23,158,1,0
HEATHER,SULLIVAN,425382470.0,1151.0,27,1986.0,6.0,11.0,,D000150,GPS,1986-06-11,2019-09-15,150,1,0
IVAN,HARDY,371350218.0,1178.0,4,1963.0,10.0,22.0,,D000177,CPS,1963-10-22,2019-04-09,177,0,1
JAMES,GARCIA,469121124.0,1086.0,37,1984.0,1.0,10.0,,V138702,GPS,1984-01-10,2020-07-08,85,0,1
HELEN,SMITH,312652421.0,1185.0,62,1977.0,6.0,23.0,,D000184,CPS,1977-06-23,2019-01-11,184,0,1
SEOJDN,ORTIZ,971435272.0,1148.0,5,1961.0,4.0,20.0,,V370821,GPS,1961-04-20,2022-04-09,147,1,1
HUI,ALVARADO,325541606.0,1011.0,8,2002.0,1.0,15.0,,D000010,GPS,2002-01-15,2021-08-25,10,0,0
CHRISTOPHER,MARTINEZ,647867015.0,1311.0,14,1971.0,11.0,15.0,,V623121,CPS,1971-11-15,2019-03-01,310,0,1
GABRIELA,JONES,143712360.0,1104.0,3,1990.0,9.0,16.0,,D000103,GPS,1990-09-16,2020-12-13,103,0,0
FENG,MARSHALL,347354354.0,1082.0,44,1983.0,12.0,23.0,,D000081,GPS,1983-12-23,2019-05-19,81,1,1
PATRICIA,WILLIAMS,225701671.0,1039.0,57,2000.0,10.0,19.0,,D000038,CPS,2000-10-19,2022-02-23,38,0,0
ELIZABETH,THOMAS,468225979.0,1315.0,47,1998.0,4.0,25.0,,D000314,CPS,1998-04-25,2020-05-08,314,0,1
IBRAHIM,COLEMAN,762306169.0,1168.0,46,1992.0,8.0,25.0,,D000167,GPS,1992-08-25,2018-08-24,167,0,1
AARAV,ROBERTSON,132258476.0,1040.0,50,1973.0,9.0,26.0,,V642883,CPS,1973-09-26,2022-03-27,39,1,1
JOHNNY,SMITH,487922134.0,1297.0,45,1974.0,8.0,20.0,,D000296,CPS,1974-08-20,2019-08-12,296,1,0
JQHN,PATEL,534366903.0,1103.0,11,1975.0,4.0,7.0,,V583299,GPS,1975-04-07,2021-08-18,102,0,1
ROBERT,FISHER,993776123.0,1199.0,31,2003.0,1.0,23.0,,D000198,CPS,2003-01-23,2020-09-03,198,1,1
HASSAN,ADAMS,769240328.0,1298.0,12,1966.0,5.0,13.0,,D000297,GPS,1966-05-13,2018-11-15,297,0,0
UI,HAYNES,422588018.0,1249.0,64,1996.0,1.0,22.0,,V641968,GPS,1996-01-22,2020-12-05,248,0,0
LINDA,ZHU,601241754.0,1147.0,41,1966.0,10.0,7.0,,D000146,CPS,1966-10-07,2019-11-25,146,1,0
JOSEPH,PETERSON,944221209.0,1041.0,42,1978.0,12.0,27.0,,V996097,CPS,1978-12-27,2018-03-27,40,1,0
SEOJUN,ORTIZ,971435272.0,1148.0,5,1961.0,4.0,20.0,,D000147,GPS,1961-04-20,2021-12-16,147,1,1
MARY,LEIWS,158977390.0,1050.0,8,1985.0,2.0,12.0,,V741753,GPS,1985-02-12,2018-12-12,49,1,0
HUI,MYERS,800809586.0,1288.0,54,1973.0,11.0,15.0,,D000287,GPS,1973-11-15,2018-05-21,287,0,1
RICHARD,WANG,658134357.0,1124.0,13,1970.0,8.0,2.0,,D000123,GPS,1970-08-02,2018-10-21,123,1,0
KATHERINE,WEBR,199984704.0,1080.0,42,1998.0,12.0,7.0,3.0,V401119,GPS,1998-12-07,2022-08-27,79,1,1
ELIZABETH,HOWE,400017235.0,1097.0,36,2002.0,7.0,13.0,,D000096,GPS,2002-07-13,2018-09-02,96,0,0
DONALD,WILSON,328837135.0,1144.0,1,2003.0,8.0,2.0,,D000143,GPS,2003-08-02,2020-12-12,143,1,0
MARY,SMITH,782580013.0,1240.0,19,1989.0,10.0,11.0,3.0,D000239,CPS,1989-10-11,2019-07-17,239,1,1
GONZALEZ,JENNIFER,640660526.0,1157.0,67,1978.0,2.0,10.0,,V153877,CPS,1978-02-10,2018-02-20,156,0,1
JAMES,MURPHY,305427587.0,1098.0,49,1997.0,10.0,28.0,,D000097,CPS,1997-10-28,2019-02-09,97,0,1
WANG,THUY,246584350.0,1329.0,27,1995.0,5.0,1.0,,V430051,CPS,1995-05-01,2018-09-13,328,0,0
JAMES,WILLIAMS,735636536.0,1123.0,9,1971.0,10.0,6.0,,D000122,GPS,1971-10-06,2019-08-25,122,0,0
MICHAEL,SINGH,634447493.0,1184.0,15,1972.0,11.0,25.0,,D000183,GPS,1972-11-25,2018-08-18,183,1,1
LISA,JONES,214218977.0,1203.0,11,1995.0,10.0,22.0,,D000202,CPS,1995-10-22,2020-04-27,202,0,0
ANDREW,CASTILLO,111222889.0,1247.0,21,1993.0,4.0,10.0,,D000246,GPS,1993-04-10,2021-01-23,246,1,1
SARAH,TAYLOR,665867466.0,1306.0,19,2003.0,8.0,1.0,,D000305,CPS,2003-08-01,2019-09-25,305,1,1
SAMANTHA,WOOD,510226362.0,1299.0,9,1961.0,11.0,24.0,,D000298,GPS,1961-11-24,2018-02-11,298,0,1
STEVEN,EDWARDNS,544586493.0,1133.0,38,1971.0,12.0,4.0,,V555232,GPS,1971-12-04,2021-02-23,132,1,0
MARK,HUANG,170297553.0,1165.0,11,1968.0,4.0,14.0,,V701722,GPS,1968-04-14,2018-11-13,164,1,1
MARY,JOHNSO,472623484.0,1161.0,50,1960.0,4.0,7.0,,V178963,CPS,1960-04-07,2019-09-26,160,1,1
DONALD,SMITH,804664116.0,1285.0,2,1970.0,1.0,27.0,,D000284,CPS,1970-01-27,2020-04-20,284,0,1
CHARLES,YANG,317475017.0,1126.0,6,1996.0,5.0,9.0,,D000125,CPS,1996-05-09,2020-10-08,125,1,0
JIWOO,BROOKS,824487016.0,1303.0,10,1985.0,7.0,6.0,,D000302,CPS,1985-07-06,2020-09-28,302,1,0
RICARDO,RAHMAN,116344489.0,1224.0,36,1993.0,1.0,20.0,,D000223,CPS,1993-01-20,2018-11-09,223,1,0
JOSEPH,ELLIS,737282111.0,1177.0,31,1994.0,8.0,17.0,,V616585,CPS,1994-08-17,2018-02-27,176,0,1
BARBARA,CAMPBELL,697258941.0,1220.0,5,1992.0,7.0,22.0,,D000219,CPS,1992-07-22,2020-11-16,219,1,0
KIMBERLY,SUN,631175844.0,1130.0,10,1978.0,11.0,4.0,,D000129,GPS,1978-11-04,2022-05-19,129,1,0
HUI,GUZMAN,618206595.0,1317.0,64,1983.0,9.0,3.0,,V364251,GPS,1983-09-03,2021-02-09,316,0,1
MARY,KEITA,729541123.0,1290.0,11,1982.0,6.0,19.0,,D000289,CPS,1982-06-19,2022-10-04,289,0,0
JNG,BFOWLER,,1113.0,33,1961.0,6.0,1.0,,V526585,GPS,1961-06-01,2021-07-02,112,1,1
SUSAN,GARCLNER,614258881.0,1312.0,65,1989.0,12.0,4.0,3.0,V569697,GPS,1989-12-04,2021-03-17,311,1,0
JAMES,FREEMAN,875079540.0,1292.0,63,1961.0,7.0,4.0,,D000291,GPS,1961-07-04,2022-01-01,291,0,0
ALEJANCLRO,SHAW,445001282.0,1170.0,38,1962.0,9.0,7.0,,V540338,CPS,1962-09-07,2019-11-25,169,0,1
ADAM,GUTIERREZ,102921184.0,1295.0,17,1990.0,11.0,9.0,,D000294,GPS,1990-11-09,2018-05-08,294,1,0
JIWUOO,BROOKS,824487016.0,1303.0,10,1985.0,7.0,6.0,,V274046,CPS,1985-07-06,2020-04-12,302,1,0
MARY,HERNANDEZ,625789174.0,1341.0,30,1994.0,5.0,11.0,,D000340,CPS,1994-05-11,2020-11-26,340,1,0
JING,FOWLER,224384834.0,1113.0,33,1961.0,6.0,1.0,,D000112,GPS,1961-06-01,2020-07-15,112,1,1
BRENDA,GONZALEZ,385437853.0,1180.0,43,1972.0,11.0,20.0,,D000179,CPS,1972-11-20,2021-12-07,179,1,1
CAROL,YANG,663992921.0,1308.0,62,1991.0,6.0,19.0,1.0,D000307,GPS,1991-06-19,2022-01-15,307,1,0
MARY,DAUVIS,189876229.0,1294.0,51,1985.0,12.0,14.0,,V386185,GPS,1985-12-14,2020-06-20,293,1,1
ROBERT,FISHER,993776123.0,1199.0,31,2003.0,1.0,23.0,,V628756,CPS,2003-01-23,2021-12-01,198,1,1
MARK,HVANG,170297553.0,1165.0,11,1968.0,4.0,14.0,,V835252,GPS,1968-04-14,2022-09-20,164,1,0
SMITH,KEVIN,286318487.0,1065.0,52,1981.0,4.0,18.0,,V260320,CPS,1981-04-18,2020-02-21,64,1,0
EMILY,PEREZ,649693119.0,1234.0,67,1999.0,9.0,11.0,,D000233,CPS,1999-09-11,2021-01-02,233,1,1
SUSAN,GARDNER,614258881.0,1312.0,65,1989.0,12.0,4.0,3.0,D000311,GPS,1989-12-04,2020-07-16,311,1,0
MARK,HUANG,170297553.0,1165.0,11,1968.0,4.0,14.0,,D000164,GPS,1968-04-14,2018-08-08,164,1,0
GRACE,KING,657207177.0,1137.0,17,1969.0,5.0,1.0,,D000136,GPS,1969-05-01,2020-12-12,136,1,0
DARNELL,JOHNSON,114921821.0,1198.0,27,1992.0,1.0,13.0,,D000197,GPS,1992-01-13,2019-01-15,197,1,0
JAMES,PERRY,521918045.0,1259.0,49,1984.0,5.0,8.0,,D000258,GPS,1984-05-08,2022-06-19,258,0,0
VALENTINA,WILLIAMS,657716182.0,1233.0,3,2004.0,6.0,19.0,,D000232,CPS,2004-06-19,2019-01-04,232,1,0
AMINA,PRICE,180838710.0,1116.0,27,1962.0,11.0,27.0,,D000115,GPS,1962-11-27,2022-12-27,115,1,1
KIMBERLY,THOMPSON,238200479.0,1121.0,9,1972.0,7.0,11.0,,D000120,CPS,1972-07-11,2021-01-06,120,1,1
MARY,YANG,215171485.0,1350.0,48,1982.0,12.0,13.0,,D000349,GPS,1982-12-13,2021-02-27,349,1,1
JENNIFER,BOYD,146720881.0,1225.0,23,1968.0,5.0,1.0,,D000224,GPS,1968-05-01,2018-08-09,224,0,1
ANDREA,MEHTA,901017511.0,1182.0,56,1977.0,5.0,21.0,,V690892,CPS,1977-05-21,2019-10-24,181,0,0
JAMES,VEGA,240634459.0,1227.0,12,1974.0,1.0,2.0,,V328599,CPS,1974-01-02,2022-06-19,226,1,1
WEI,MURPHY,612290845.0,1128.0,56,1993.0,1.0,13.0,3.0,D000127,GPS,1993-01-13,2022-05-20,127,1,0
RICHARD,WILLIAMS,612940436.0,1286.0,60,1961.0,1.0,7.0,2.0,D000285,GPS,1961-01-07,2020-05-06,285,1,0
BRENDA,GONAZLEZ,385437853.0,1180.0,43,1972.0,11.0,20.0,,V363733,CPS,1972-11-20,2019-12-04,179,1,1
JOHN,WALKER,740402237.0,1108.0,1,1990.0,10.0,22.0,,D000107,CPS,1990-10-22,2019-12-01,107,1,0
BRJUN,KANG,582580371.0,1208.0,11,1971.0,2.0,5.0,,V281538,GPS,1971-02-05,2022-02-27,207,0,0
TRANG,ZHOU,454696284.0,1326.0,49,1960.0,1.0,1.0,,D000325,GPS,1960-01-01,2018-12-18,325,0,0
YAN,WILSON,104267253.0,1134.0,65,1972.0,2.0,12.0,,D000133,CPS,1972-02-12,2019-07-16,133,1,0
WEI,ROBERTS,423685312.0,1261.0,35,1973.0,4.0,16.0,,V794868,CPS,1973-04-16,2018-11-20,260,0,0
DIANE,SMITH,364285450.0,1045.0,12,1975.0,4.0,25.0,,D000044,GPS,1975-04-25,2022-10-15,44,0,0
KARN,ALVAREZ,995665079.0,1141.0,8,1969.0,11.0,18.0,,V862658,CPS,1969-11-18,2018-02-18,140,0,0
SEOYEON,DAVIS,979427692.0,1066.0,3,1977.0,6.0,14.0,,D000065,GPS,1977-06-14,2019-07-07,65,0,1
MING,JACKSON,580548240.0,1284.0,21,1978.0,2.0,24.0,,D000283,GPS,1978-02-24,2022-07-17,283,1,0
JAMES,GARCIA,469121124.0,1086.0,13,1984.0,1.0,10.0,,D000085,GPS,1984-01-10,2020-04-17,85,0,1
PATRICIA,GONZALEZ,234806063.0,1243.0,36,1989.0,7.0,26.0,,D000242,CPS,1989-07-26,2022-06-03,242,0,1
HUI,NELSON,798773619.0,1187.0,30,1991.0,9.0,18.0,,D000186,CPS,1991-09-18,2022-01-09,186,0,1
JENNIFER,LOPFZ,321459950.0,1048.0,31,1997.0,11.0,26.0,,V991396,GPS,1997-11-26,2020-12-25,47,1,0
POOJA,WILLIAMS,563859228.0,1160.0,55,1983.0,3.0,10.0,,D000159,GPS,1983-03-10,2021-02-15,159,0,0
BRIAN,WILLIAMS,626515111.0,1013.0,17,1964.0,9.0,7.0,,D000012,GPS,1964-09-07,2019-11-11,12,0,0
ROBERT,PARK,561458857.0,1036.0,29,1963.0,9.0,6.0,,D000035,GPS,1963-09-06,2019-01-17,35,1,1
WEI,LEE,387504625.0,1029.0,5,1990.0,2.0,21.0,,D000028,GPS,1990-02-21,2019-07-19,28,1,1
JENNIFER,STONE,117130732.0,1171.0,4,1984.0,12.0,5.0,,D000170,CPS,1984-12-05,2019-08-17,170,1,1
JANICE,RAMOS,362019956.0,1143.0,62,2004.0,6.0,11.0,2.0,D000142,GPS,2004-06-11,2021-08-09,142,1,0
DIANE,MCGUIRE,992597028.0,1194.0,19,1987.0,3.0,5.0,,V727946,GPS,1987-03-05,2021-08-14,193,0,1
RACHEL,DAVIS,409435938.0,1343.0,63,1989.0,12.0,21.0,,D000342,CPS,1989-12-21,2018-07-21,342,1,1
LEI,PALMER,852620658.0,1222.0,42,1973.0,8.0,5.0,,D000221,GPS,1973-08-05,2020-12-02,221,0,1
DOROTHY,PATEL,714932521.0,1096.0,36,1964.0,8.0,9.0,,D000095,CPS,1964-08-09,2018-01-17,95,0,1
JAMES,DUNCAN,509606057.0,1052.0,26,1963.0,8.0,14.0,,D000051,GPS,1963-08-14,2022-11-16,51,1,0
TYLER,RILEY,745852511.0,1241.0,67,1964.0,7.0,5.0,,D000240,CPS,1964-07-05,2020-12-16,240,0,1
PATRICA,HARRIS,494547632.0,1016.0,21,1976.0,10.0,18.0,,V556359,CPS,1976-10-18,2022-06-14,15,0,0
RALJPH,WATTS,814927160.0,1191.0,1,1988.0,9.0,26.0,,V687366,CPS,1988-09-26,2018-09-14,190,1,1
KEITH,MARSHALL,764722347.0,1179.0,51,2000.0,6.0,22.0,,D000178,CPS,2000-06-22,2020-09-15,178,0,0
FATIMA,WILLIAMS,963797069.0,1042.0,27,1978.0,11.0,19.0,,D000041,CPS,1978-11-19,2020-06-20,41,0,0
AL,CHOI,136971183.0,1046.0,6,1982.0,4.0,22.0,,V282580,GPS,1982-04-22,2018-05-16,45,0,1
JIWOO,MARTINEZ,165921387.0,83585.0,14,1961.0,8.0,5.0,,D000310,CPS,1961-08-05,2020-11-26,350,0,1
MARY,LOPEZ,473541866.0,1207.0,27,1962.0,4.0,3.0,,D000206,CPS,1962-04-03,2019-05-18,206,0,1
MING,SMITH,758022378.0,1283.0,45,1996.0,7.0,17.0,,D000282,CPS,1996-07-17,2019-11-27,282,0,0
MING,DEAN,900690779.0,1255.0,28,1974.0,8.0,26.0,,D000254,GPS,1974-08-26,2022-07-20,254,1,1
MARE,SMITH,365279673.0,1218.0,45,1991.0,9.0,27.0,,V820069,CPS,1991-09-27,2020-12-21,217,0,1
MARY,ALLEN,259649073.0,1005.0,65,1987.0,11.0,27.0,,D000004,GPS,1987-11-27,2018-05-06,4,1,0
CATHERINE,MEYER,244012417.0,1257.0,38,1985.0,4.0,10.0,,D000256,CPS,1985-04-10,2019-10-18,256,1,1
HU,MYERS,800809586.0,1288.0,54,1973.0,11.0,15.0,,V675263,GPS,1973-11-15,2020-11-27,287,0,1
MARTHA,SMITH,322180923.0,1101.0,17,1983.0,2.0,8.0,,D000100,GPS,1983-02-08,2020-02-14,100,0,1
JAMES,VEGA,240634459.0,1227.0,12,1974.0,1.0,2.0,,D000226,CPS,1974-01-02,2022-01-22,226,1,1
FERNANDA,NELOSN,239897407.0,1006.0,17,1962.0,12.0,26.0,,V923792,CPS,1962-12-26,2020-07-09,5,1,0
ALEXANDER,BAILEY,145467726.0,1214.0,49,1967.0,10.0,19.0,,D000213,GPS,1967-10-19,2022-04-28,213,0,1
DANIEL,JACKSON,731890013.0,1172.0,63,1995.0,12.0,24.0,,D000171,CPS,1995-12-24,2018-04-26,171,0,0
MARY,SMITH,769549752.0,1099.0,17,1995.0,3.0,25.0,,D000098,GPS,1995-03-25,2018-01-07,98,1,0
CHIDI,SMITH,552592463.0,1293.0,58,1974.0,3.0,14.0,,D000292,GPS,1974-03-14,2019-05-16,292,0,1
JONATHAN,RAO,635110847.0,1216.0,21,1974.0,10.0,13.0,,D000215,CPS,1974-10-13,2018-03-20,215,1,1
HONG,KUMAR,908012975.0,1062.0,8,1997.0,9.0,12.0,,D000061,CPS,1997-09-12,2022-05-16,61,0,0
JENNIFER,LOPEZ,321459950.0,1048.0,31,1997.0,11.0,26.0,,D000047,GPS,1997-11-26,2019-11-26,47,1,0
LINDA,FERNANDEZ,387054250.0,1033.0,21,1997.0,5.0,16.0,,D000032,CPS,1997-05-16,2018-08-08,32,1,1
WEI,THOMAS,873084574.0,1268.0,27,1974.0,12.0,3.0,,D000267,CPS,1974-12-03,2021-08-14,267,1,0
BETTY,NGUYEN,217997823.0,1328.0,35,1960.0,1.0,23.0,,D000327,GPS,1960-01-23,2019-06-14,327,0,0
BENJAMIN,JEONG,626174950.0,1201.0,9,1987.0,2.0,18.0,,D000200,GPS,1987-02-18,2021-04-07,200,0,0
GAMES,HARRIS,868032513.0,1136.0,12,1984.0,4.0,10.0,,V874004,CPS,1984-04-10,2019-05-05,135,0,1
JAMES,RAMIREZ,605953660.0,1028.0,40,1980.0,11.0,1.0,,D000027,CPS,1980-11-01,2022-08-18,27,0,0
QARY,HERNANDEZ,625789174.0,1341.0,30,1994.0,5.0,11.0,,V297344,CPS,1994-05-11,2019-04-07,340,1,0
MARY,HILL,855127688.0,1231.0,57,1968.0,7.0,3.0,,D000230,CPS,1968-07-03,2022-08-09,230,1,0
WEI,ROBERTS,423685312.0,1261.0,35,1973.0,4.0,16.0,,D000260,CPS,1973-04-16,2018-01-01,260,0,0
SEOJUN,OWENS,913575961.0,1289.0,14,1996.0,5.0,5.0,,D000288,CPS,1996-05-05,2018-02-20,288,0,1
PATRICIA,SMITH,385872070.0,1163.0,32,1986.0,2.0,8.0,,D000162,GPS,1986-02-08,2022-07-10,162,1,0
JLNG,FOWLER,224384834.0,1113.0,33,1961.0,6.0,1.0,,V400689,GPS,1961-06-01,2021-07-26,112,1,1
SAMUEL,PHAM,246469137.0,1139.0,3,2004.0,7.0,18.0,,D000138,CPS,2004-07-18,2021-08-16,138,0,0
JIMIN,JOHNSON,728370752.0,1063.0,51,1971.0,3.0,14.0,,D000062,CPS,1971-03-14,2020-10-11,62,1,1
JAMES,HARRIS,868032513.0,1136.0,12,1984.0,4.0,10.0,,D000135,CPS,1984-04-10,2020-07-10,135,0,1
MARY,COOPER,307642858.0,1129.0,64,1983.0,3.0,9.0,,D000128,CPS,1983-03-09,2020-02-12,128,1,0
ROBERT,OKGNKWO,687498294.0,1282.0,50,1960.0,12.0,13.0,,V528655,GPS,1960-12-13,2020-07-15,281,1,0
MARY,TORRES,154564292.0,1009.0,34,1990.0,10.0,27.0,,D000008,CPS,1990-10-27,2020-10-21,8,1,1
ALEXANDER,ELLIOTT,792026019.0,1327.0,66,1995.0,4.0,27.0,,D000326,GPS,1995-04-27,2018-11-01,326,0,0
PHILLIPS,JAMES,907033334.0,1140.0,26,2004.0,9.0,3.0,,V729343,CPS,2004-09-03,2019-05-02,139,0,0
KEVIN,SMITH,286318487.0,1065.0,52,1981.0,4.0,18.0,,D000064,CPS,1981-04-18,2020-06-08,64,1,0
SAMANTHA,THOMPSON,981302170.0,1301.0,19,2001.0,7.0,13.0,,D000300,CPS,2001-07-13,2019-12-01,300,1,0
JESSICA,COX,671416979.0,1015.0,20,1969.0,5.0,5.0,,D000014,GPS,1969-05-05,2019-07-23,14,1,0
JENNIFER,GONZALEZ,640660526.0,1157.0,67,1978.0,2.0,10.0,,D000156,CPS,1978-02-10,2020-10-01,156,0,1
JOSEPH,PETERSON,944221209.0,1041.0,42,1978.0,12.0,27.0,,D000040,CPS,1978-12-27,2020-12-13,40,1,1
JQHN,MUNOZ,255649542.0,1190.0,51,1993.0,3.0,28.0,,V178605,GPS,1993-03-28,2020-06-02,189,0,0
GRACE,KING,657207177.0,1137.0,17,1969.0,5.0,1.0,,V296569,GPS,1969-05-01,2020-11-20,136,1,0
MARY,SMITH,769549752.0,1099.0,17,1995.0,3.0,25.0,,V579266,GPS,1995-03-25,2019-01-24,98,1,1
MARY,GRAHAM,218825745.0,1217.0,45,1968.0,4.0,16.0,,D000216,CPS,1968-04-16,2019-02-18,216,1,0
JOYCE,WEBB,179894979.0,1280.0,9,1973.0,6.0,2.0,,D000279,GPS,1973-06-02,2018-09-25,279,1,1
JOHN,WALKER,740402237.0,1108.0,1,1990.0,10.0,22.0,,V996853,CPS,1990-10-22,2021-02-02,107,1,0
ALEJANDRO,STAW,445001282.0,1170.0,38,1962.0,9.0,7.0,,V844965,CPS,1962-09-07,2022-10-18,169,0,1
NICHOLAS,ELLIS,189032054.0,1338.0,65,1969.0,8.0,14.0,,D000337,GPS,1969-08-14,2019-08-28,337,0,0
SARAH,JONES,579389314.0,1237.0,60,1963.0,12.0,21.0,2.0,D000236,GPS,1963-12-21,2018-11-05,236,1,0
ARJUN,KANG,582580371.0,1208.0,11,1971.0,2.0,5.0,,D000207,GPS,1971-02-05,2022-12-07,207,0,0
ROBERT,HOLMES,749450975.0,1213.0,49,1989.0,1.0,13.0,,D000212,CPS,1989-01-13,2020-08-05,212,1,1
KEISHA,SALAZAR,283957630.0,1296.0,62,1986.0,11.0,17.0,,D000295,GPS,1986-11-17,2018-04-20,295,0,1
BARBARA,CCAMPBELL,697258941.0,1220.0,5,1992.0,7.0,22.0,,V911647,CPS,1992-07-22,2019-12-15,219,1,0
DOUGLAS,KHAN,467165287.0,1252.0,50,1979.0,3.0,4.0,,D000251,CPS,1979-03-04,2018-07-11,251,0,0
PETER,BOYD,898813979.0,1305.0,19,1972.0,11.0,4.0,,V979323,GPS,1972-11-04,2019-02-18,304,0,1
MARHY,YANG,215171485.0,1350.0,48,1982.0,12.0,13.0,,V137859,GPS,1982-12-13,2020-05-27,349,1,1
DANIEL,DAVIS,938141670.0,1304.0,19,1984.0,12.0,27.0,3.0,D000303,GPS,1984-12-27,2020-06-04,303,1,0
TIM,WILLIAMS,811139806.0,1054.0,36,1980.0,8.0,6.0,,V551087,CPS,1980-08-06,2019-07-03,53,0,0
JAMES,SMITH,921324469.0,1270.0,47,1968.0,11.0,18.0,,D000269,GPS,1968-11-18,2018-08-04,269,0,1
LUCIA,WANG,449357407.0,1202.0,30,1969.0,3.0,4.0,,D000201,GPS,1969-03-04,2019-08-09,201,1,1
TERESA,MENSAH,672140202.0,1162.0,25,1995.0,8.0,28.0,,D000161,CPS,1995-08-28,2022-02-21,161,1,1
MICHAEL,GRAY,192702415.0,1044.0,35,1987.0,10.0,7.0,,D000043,GPS,1987-10-07,2021-08-02,43,1,1
MARY,SMITH,365279673.0,1218.0,45,1991.0,9.0,27.0,,D000217,CPS,1991-09-27,2018-06-07,217,0,1
JAMES,DUNCAN,509606057.0,1052.0,26,1963.0,8.0,14.0,,V830764,GPS,1963-08-14,2018-01-11,51,1,0
RALPH,WATTS,814927160.0,1191.0,1,1988.0,9.0,26.0,,D000190,CPS,1988-09-26,2021-03-06,190,1,1
MARY,PEREZ,413281529.0,1310.0,50,1999.0,10.0,23.0,,D000309,GPS,1999-10-23,2020-07-11,309,1,0
PAUL,RAMIREZ,234436740.0,1260.0,40,1961.0,4.0,23.0,,D000259,GPS,1961-04-23,2018-02-23,259,1,1
SANJAY,JONES,514692644.0,1106.0,5,1993.0,3.0,28.0,,D000105,CPS,1993-03-28,2022-11-03,105,0,0
TIMOTHY,WILLIAMS,811139806.0,1054.0,36,1980.0,8.0,6.0,,D000053,CPS,1980-08-06,2019-10-11,53,0,0
FRANCISCO,HAWKINS,892932446.0,1342.0,12,1978.0,12.0,16.0,,V610102,GPS,1978-12-16,2018-01-14,341,1,1
JOSEPH,BROWN,317234855.0,1002.0,1,1982.0,12.0,7.0,,D000001,CPS,1982-12-07,2022-02-07,1,1,1
SVSAN,GARDNER,614258881.0,1312.0,65,1989.0,12.0,4.0,3.0,V560415,GPS,1989-12-04,2020-06-08,311,1,0
DIYA,CARTER,484431671.0,1031.0,10,1964.0,6.0,19.0,,V560639,CPS,1964-06-19,2019-06-14,30,1,1
MARY,LEWIS,158977390.0,1050.0,8,1985.0,2.0,12.0,,D000049,GPS,1985-02-12,2021-07-10,49,1,0
BERRY,SARAH,254076950.0,1027.0,64,1991.0,12.0,1.0,,V250647,GPS,1991-12-01,2019-05-08,26,0,0
TIMOTHY,ANDREWS,557350620.0,1081.0,13,2004.0,5.0,1.0,,D000080,GPS,2004-05-01,2020-07-15,80,1,1
PATRICIA,MILLER,181992566.0,1206.0,34,1998.0,5.0,28.0,,D000205,GPS,1998-05-28,2018-06-26,205,1,1
HONG,MARTIN,801592652.0,1035.0,38,2001.0,5.0,1.0,,D000034,GPS,2001-05-01,2019-11-10,34,0,1
WEI,GRAVES,260597585.0,1264.0,23,1968.0,12.0,22.0,,D000263,CPS,1968-12-22,2019-12-10,263,0,0
BARBARA,SUCN,760145413.0,1276.0,56,1971.0,11.0,28.0,,V603750,CPS,1971-11-28,2020-04-09,275,0,0
CARL,ROBERTS,441147425.0,1279.0,59,2002.0,7.0,16.0,,V389768,GPS,2002-07-16,2019-09-03,278,0,0
JEFFREY,BROWN,637717562.0,1092.0,39,1970.0,1.0,21.0,,D000091,GPS,1970-01-21,2020-11-04,91,0,1
ABEBE,CAMPBELL,778154106.0,1340.0,25,1965.0,7.0,23.0,,D000339,GPS,1965-07-23,2019-09-21,339,1,0
JAMES,HARRIS,868032513.0,1136.0,12,1984.0,4.0,10.0,,V445875,CPS,1984-04-10,2022-11-13,135,0,1
AHMED,MCDONALD,337460980.0,1053.0,40,1988.0,9.0,15.0,,D000052,GPS,1988-09-15,2018-06-07,52,1,0
DEBRA,HALL,267189521.0,1346.0,22,2004.0,3.0,28.0,,D000345,GPS,2004-03-28,2020-12-25,345,1,0
AMARA,HERNANDEZ,713777875.0,1265.0,29,1966.0,12.0,27.0,,D000264,CPS,1966-12-27,2019-08-05,264,0,1
OMAR,ROBINSON,985075368.0,1242.0,31,1994.0,4.0,26.0,,D000241,GPS,1994-04-26,2022-12-21,241,1,0
TARIQ,JOHNSON,805441698.0,1014.0,10,1966.0,1.0,7.0,,D000013,CPS,1966-01-07,2022-07-28,13,1,1
LINDA,ROSS,641597280.0,1316.0,52,1989.0,2.0,12.0,,D000315,CPS,1989-02-12,2019-02-10,315,1,0
WEI,BUTLER,334313688.0,1089.0,48,1997.0,7.0,5.0,,D000088,GPS,1997-07-05,2019-10-25,88,0,1
SEOJUN,ORTIZ,971435272.0,1148.0,5,1961.0,4.0,20.0,,V405695,GPS,1961-04-20,2018-03-19,147,1,1
MINSEO,ALLEN,522820799.0,1274.0,18,1994.0,12.0,14.0,,D000273,GPS,1994-12-14,2022-06-04,273,1,0
TYLER,GONZALEZ,126851292.0,1167.0,62,1996.0,3.0,19.0,,D000166,GPS,1996-03-19,2021-09-07,166,0,1
THUY,WANG,246584350.0,1329.0,27,1995.0,5.0,1.0,,D000328,CPS,1995-05-01,2019-04-21,328,0,0
RAHUL,SMITH,405529978.0,1333.0,5,1978.0,5.0,16.0,,V644273,GPS,1978-05-16,2018-02-08,332,0,0
MINSEO,SMITH,352600159.0,1135.0,14,1960.0,2.0,5.0,,D000134,CPS,1960-02-05,2018-02-09,134,0,1
WILLIAM,DIALLO,455166899.0,1307.0,46,2001.0,11.0,3.0,,D000306,CPS,2001-11-03,2021-02-03,306,0,0
MING,SMTIH,758022378.0,1283.0,45,1996.0,7.0,17.0,,V963252,CPS,1996-07-17,2021-11-13,282,0,0
JAVIER,WHITE,520876230.0,1320.0,50,1963.0,2.0,16.0,,D000319,GPS,1963-02-16,2022-04-13,319,1,1
MATTHEW,DANG,931804013.0,1244.0,51,1960.0,3.0,2.0,,D000243,CPS,1960-03-02,2019-02-28,243,1,1
RYAN,NASH,381312953.0,1055.0,50,1968.0,9.0,21.0,,D000054,GPS,1968-09-21,2022-10-28,54,1,0
CAMPBELL,BARBARA,697258941.0,1220.0,5,1992.0,7.0,22.0,,V547926,CPS,1992-07-22,2021-02-11,219,1,0
ROBERT,YANG,986140995.0,1051.0,58,1975.0,1.0,9.0,,D000050,GPS,1975-01-09,2021-03-28,50,0,1
MARY,WILLIAMS,985177159.0,1269.0,23,1961.0,1.0,8.0,,V995103,CPS,1961-01-08,2020-08-24,268,1,1
WEI,WILLIAMS,752664988.0,1175.0,54,1964.0,8.0,24.0,,D000174,GPS,1964-08-24,2021-08-14,174,0,1
MINQUN,TORERS,,1210.0,44,1988.0,1.0,19.0,,V711333,CPS,1988-01-19,2020-03-06,209,0,1
JOHN,MUNOZ,255649542.0,1190.0,51,1993.0,3.0,28.0,,D000189,GPS,1993-03-28,2018-06-09,189,0,0
MARTHA,SMITH,322180923.0,1101.0,17,1983.0,2.0,8.0,,V325293,GPS,1983-02-08,2021-03-28,100,0,1
MARY,BROWN,703203258.0,1188.0,20,1968.0,7.0,18.0,,D000187,CPS,1968-07-18,2022-05-07,187,1,1
ALEJANDRO,SHAW,445001282.0,1170.0,38,1962.0,9.0,7.0,,D000169,CPS,1962-09-07,2020-01-27,169,0,1
MARY,WILLIAMS,200440331.0,1059.0,25,1978.0,3.0,23.0,,D000058,CPS,1978-03-23,2019-09-02,58,1,0
REBECCA,WALKER,614927571.0,1049.0,11,2003.0,5.0,7.0,,D000048,GPS,2003-05-07,2020-12-26,48,0,1
SAMUEL,VEGA,978080341.0,1345.0,58,1972.0,7.0,27.0,,D000344,CPS,1972-07-27,2021-09-04,344,1,0
ALEXANDER,SHARMA,456549849.0,1236.0,20,1982.0,10.0,5.0,2.0,D000235,CPS,1982-10-05,2018-01-28,235,1,0
YONG,CAMPOS,184664766.0,1253.0,50,1964.0,7.0,5.0,,D000252,GPS,1964-07-05,2018-02-13,252,1,0
DAVID,MARTINEZ,833174598.0,1022.0,8,1982.0,1.0,13.0,,D000021,CPS,1982-01-13,2020-05-24,21,0,1
ELIZABETH,JOHNSON,446208162.0,1314.0,37,1987.0,1.0,23.0,,D000313,CPS,1987-01-23,2021-01-02,313,0,1
BARBARA,CAMPBELL,697258941.0,1220.0,5,1992.0,7.0,22.0,,V192125,CPS,1992-07-22,2021-03-02,219,1,1
MARY,JOHNSON,472623484.0,1161.0,50,1960.0,4.0,7.0,,D000160,CPS,1960-04-07,2021-11-05,160,1,1
MICHAEL,VARGAS,679991234.0,1277.0,7,1962.0,12.0,2.0,,D000276,GPS,1962-12-02,2019-01-14,276,1,0
MING,SMITH,494224102.0,73586.0,17,1982.0,7.0,10.0,,D000098,GPS,1982-07-10,2020-01-12,351,1,0
MING,ROBERTS,556563431.0,1192.0,38,1999.0,6.0,3.0,,D000191,GPS,1999-06-03,2022-08-01,191,0,0
HUY,ROBERTSON,862652456.0,1229.0,46,2003.0,12.0,4.0,,V856175,GPS,2003-12-04,2019-01-07,228,1,1
MARY,DAVIS,189876229.0,1294.0,51,1985.0,12.0,14.0,,D000293,GPS,1985-12-14,2020-09-05,293,1,1
JAMES,GREN,918488781.0,1150.0,66,1962.0,3.0,17.0,,V504145,CPS,1962-03-17,2020-03-04,149,0,1
PAUL,ANDERSON,281879291.0,1344.0,57,1982.0,6.0,23.0,,D000343,GPS,1982-06-23,2021-09-13,343,1,0
MARY,WILLIAMS,714323438.0,1258.0,11,1999.0,4.0,14.0,,D000257,CPS,1999-04-14,2018-12-15,257,0,0
JOHN,EDWARDS,387219239.0,1309.0,61,1997.0,6.0,15.0,,D000308,GPS,1997-06-15,2020-11-02,308,1,0
JAMES,GREEN,918488781.0,1150.0,66,1962.0,3.0,17.0,,D000149,CPS,1962-03-17,2019-09-12,149,0,1
WEI,WHITE,718721239.0,1131.0,11,1985.0,4.0,27.0,,D000130,GPS,1985-04-27,2019-01-22,130,0,1
JEREMY,GARDNER,760725372.0,1152.0,36,1986.0,7.0,6.0,,D000151,GPS,1986-07-06,2022-07-21,151,1,0
YONG,STEWART,605340454.0,1010.0,60,1972.0,11.0,2.0,,V686888,CPS,1972-11-02,2020-10-17,9,0,0
DENISE,ROGERS,397662167.0,1100.0,23,1993.0,8.0,10.0,,D000099,GPS,1993-08-10,2021-08-16,99,1,1
RYAN,NIASH,381312953.0,1055.0,50,1968.0,9.0,21.0,,V216511,GPS,1968-09-21,2021-12-08,54,1,0
SARAH,YOON,857083335.0,1088.0,59,1991.0,2.0,17.0,,D000087,GPS,1991-02-17,2022-02-09,87,0,1
LISA,JOHNSON,890529160.0,1278.0,22,1986.0,4.0,3.0,3.0,V896148,CPS,1986-04-03,2021-03-26,277,1,1
SHIRLEY,JOHNSON,716105865.0,1331.0,46,1973.0,6.0,9.0,,D000330,GPS,1973-06-09,2021-12-23,330,1,1
SANJAY,HOWARD,502463400.0,1215.0,31,1972.0,8.0,5.0,,D000214,GPS,1972-08-05,2022-04-23,214,1,0
JAMES,COTRERAS,767544769.0,1281.0,44,1964.0,2.0,3.0,,V978304,GPS,1964-02-03,2019-09-14,280,1,1
AMANDA,KING,199566520.0,1122.0,25,1995.0,5.0,13.0,,D000121,GPS,1995-05-13,2020-06-22,121,1,1
JOSEPH,BROWN,317234855.0,1002.0,1,1982.0,12.0,7.0,,V409831,CPS,1982-12-07,2021-12-01,1,1,0
JUSTIN,GRAHAM,330096304.0,1021.0,61,1976.0,4.0,1.0,,D000020,CPS,1976-04-01,2022-07-09,20,0,0
STEPHEN,BROWN,154205202.0,1189.0,43,2001.0,9.0,22.0,,D000188,GPS,2001-09-22,2020-06-11,188,0,1
RICHARD,SMITH,236336105.0,1072.0,16,2002.0,5.0,11.0,,D000071,GPS,2002-05-11,2018-11-07,71,0,0
YONG,TERRY,877571645.0,1107.0,60,1986.0,7.0,18.0,,D000106,GPS,1986-07-18,2022-05-15,106,1,0
JAMES,HARRISON,319387830.0,1271.0,28,1978.0,1.0,3.0,,D000270,GPS,1978-01-03,2018-06-13,270,1,1
MINSEO,RAMOS,333495855.0,1349.0,37,1999.0,11.0,4.0,,D000348,CPS,1999-11-04,2020-05-23,348,1,1
JIXMIN,JOHNSON,728370752.0,1063.0,51,1971.0,3.0,14.0,,V566893,CPS,1971-03-14,2022-06-16,62,1,1
JOHN,PATEL,534366903.0,1103.0,11,1975.0,4.0,7.0,,D000102,GPS,1975-04-07,2021-09-07,102,0,1
